Workbook

Sheet neet_exam_dataset_updated
A1: Seat_No | B1: Gender | C1: Date_of_Birth | D1: Age of Student | E1: City | F1: State | G1: Category | H1: Attempt_No | I1: Physics_Marks_180 | J1: Chemistry_Marks_180 | K1: Biology_Marks_360 | L1: Total_Marks_720 | M1: Exam_Year
A2: NEET2024100001 | B2: Male | C2: 39145 | D2: =ROUND(YEARFRAC(NEET[[#This Row],[Date_of_Birth]],TODAY()),0) -> 19 | E2: Pune | F2: Maharashtra | G2: EWS | H2: 1 | I2: 36 | J2: 100 | K2: 185 | L2: 321 | M2: 2023
A3: NEET2024100002 | B3: Male | C3: 38944 | D3: =ROUND(YEARFRAC(NEET[[#This Row],[Date_of_Birth]],TODAY()),0) -> 20 | E3: Thane | F3: Maharashtra | G3: EWS | H3: 1 | I3: 38 | J3: 37 | K3: 107 | L3: 182 | M3: 2024
A4: NEET2026100003 | B4: Female | C4: 39458 | D4: =ROUND(YEARFRAC(NEET[[#This Row],[Date_of_Birth]],TODAY()),0) -> 18 | E4: Delhi | F4: Delhi | G4: OBC | H4: 1 | I4: 169 | J4: 137 | K4: 172 | L4: 478 | M4: 2026
A5: NEET2023100004 | B5: Male | C5: 37919 | D5: =ROUND(YEARFRAC(NEET[[#This Row],[Date_of_Birth]],TODAY()),0) -> 23 | E5: Aurangabad | F5: Maharashtra | G5: General | H5: 4 | I5: 69 | J5: 85 | K5: 232 | L5: 386 | M5: 2025
A6: NEET2023100005 | B6: Female | C6: 37934 | D6: =ROUND(YEARFRAC(NEET[[#This Row],[Date_of_Birth]],TODAY()),0) -> 23 | E6: Ratnagiri | F6: Maharashtra | G6: EWS | H6: 1 | I6: 97 | J6: 41 | K6: 295 | L6: 433 | M6: 2025
A7: NEET2023100006 | B7: Male | C7: 39100 | D7: =ROUND(YEARFRAC(NEET[[#This Row],[Date_of_Birth]],TODAY()),0) -> 19 | E7: Ratnagiri | F7: Maharashtra | G7: SC | H7: 2 | I7: 122 | J7: 177 | K7: 158 | L7: 457 | M7: 2023
A8: NEET2026100007 | B8: Female | C8: 37479 | D8: =ROUND(YEARFRAC(NEET[[#This Row],[Date_of_Birth]],TODAY()),0) -> 24 | E8: Chennai | F8: Tamil Nadu | G8: SC | H8: 2 | I8: 55 | J8: 127 | K8: 202 | L8: 384 | M8: 2025
A9: NEET2024100008 | B9: Male | C9: 37384 | D9: =ROUND(YEARFRAC(NEET[[#This Row],[Date_of_Birth]],TODAY()),0) -> 24 | E9: Delhi | F9: Delhi | G9: ST | H9: 4 | I9: 98 | J9: 48 | K9: 147 | L9: 293 | M9: 2025
A10: NEET2023100009 | B10: Male | C10: 39147 | D10: =ROUND(YEARFRAC(NEET[[#This Row],[Date_of_Birth]],TODAY()),0) -> 19 | E10: Bengaluru | F10: Karnataka | G10: SC | H10: 1 | I10: 172 | J10: 86 | K10: 226 | L10: 484 | M10: 2026
A11: NEET2024100010 | B11: Female | C11: 37622 | D11: =ROUND(YEARFRAC(NEET[[#This Row],[Date_of_Birth]],TODAY()),0) -> 23 | E11: Pune | F11: Maharashtra | G11: ST | H11: 4 | I11: 84 | J11: 175 | K11: 221 | L11: 480 | M11: 2024
A12: NEET2025100011 | B12: Female | C12: 37610 | D12: =ROUND(YEARFRAC(NEET[[#This Row],[Date_of_Birth]],TODAY()),0) -> 23 | E12: Nagpur | F12: Maharashtra | G12: SC | H12: 4 | I12: 93 | J12: 173 | K12: 335 | L12: 601 | M12: 2024
A13: NEET2023100012 | B13: Male | C13: 37092 | D13: =ROUND(YEARFRAC(NEET[[#This Row],[Date_of_Birth]],TODAY()),0) -> 25 | E13: Sangli | F13: Maharashtra | G13: ST | H13: 2 | I13: 156 | J13: 53 | K13: 84 | L13: 293 | M13: 2023
... A1001: NEET2023101000 | B1001: Female | C1001: 39513 | D1001: =ROUND(YEARFRAC(NEET[[#This Row],[Date_of_Birth]],TODAY()),0) -> 18 | E1001: Sangli | F1001: Maharashtra | G1001: ST | H1001: 2 | I1001: 77 | J1001: 93 | K1001: 203 | L1001: 373 | M1001: 2024

Sheet Descriptive Analysis
B3: Physics Marks | E3: Chemistry Marks | H3: Bio Marks | K3: Total Marks
B5: Mean | C5: 105.39139 | E5: Mean | F5: 106.23524 | H5: Mean | I5: 208.5996 | K5: Mean | L5: 420.22623
B6: Standard Error | C6: 1.3666064 | E6: Standard Error | F6: 1.3502703 | H6: Standard Error | I6: 2.7729588 | K6: Standard Error | L6: 3.4069664
B7: Median | C7: 105 | E7: Median | F7: 107 | H7: Median | I7: 207 | K7: Median | L7: 422
B8: Mode | C8: 112 | E8: Mode | F8: 146 | H8: Mode | I8: 88 | K8: Mode | L8: 540
B9: Standard Deviation | C9: 43.194276 | E9: Standard Deviation | F9: 42.67794 | H9: Standard Deviation | I9: 87.644801 | K9: Standard Deviation | L9: 107.68385
B10: Sample Variance | C10: 1865.7455 | E10: Sample Variance | F10: 1821.4065 | H10: Sample Variance | I10: 7681.6111 | K10: Sample Variance | L10: 11595.812
B11: Kurtosis | C11: -1.1717094 | E11: Kurtosis | F11: -1.1881561 | H11: Kurtosis | I11: -1.2312509 | K11: Kurtosis | L11: -0.64275747
B12: Skewness | C12: -0.0012333737 | E12: Skewness | F12: -0.030468817 | H12: Skewness | I12: 0.022617603 | K12: Skewness | L12: -0.058639338
B13: Range | C13: 150 | E13: Range | F13: 150 | H13: Range | I13: 300 | K13: Range | L13: 528
B14: Minimum | C14: 30 | E14: Minimum | F14: 30 | H14: Minimum | I14: 60 | K14: Minimum | L14: 145
B15: Maximum | C15: 180 | E15: Maximum | F15: 180 | H15: Maximum | I15: 360 | K15: Maximum | L15: 673
B16: Sum | C16: 105286 | E16: Sum | F16: 106129 | H16: Sum | I16: 208391 | K16: Sum | L16: 419806
... B20: Confidence Level(95.0%) | C20: 2.6817517 | E20: Confidence Level(95.0%) | F20: 2.6496945 | H20: Confidence Level(95.0%) | I20: 5.4414986 | K20: Confidence Level(95.0%) | L20: 6.6856395

Sheet Pivot Table
B1: Attempt_No | C1: 1 | F1: Exam_Year | G1: 2023 | O1: Gender | P1: Male
O2: Exam_Year | P2: (Multiple Items)
B3: Row Labels | C3: Average of Total_Marks_720 | F3: Count of Seat_No | G3: Column Labels | K3: Row Labels | L3: Max of Total_Marks_720 | M3: Min of Total_Marks_720
B4: Aurangabad | C4: 411 | F4: Row Labels | G4: Female | H4: Male | I4: Grand Total | K4: 2023 | L4: 673 | M4: 170 | O4: Row Labels | P4: Max of Biology_Marks_360 | Q4: Max of Physics_Marks_180 | R4: Max of Chemistry_Marks_180
B5: Bengaluru | C5: 416.73333 | F5: EWS | G5: 28 | H5: 23 | I5: 51 | K5: Female | L5: 673 | M5: 176 | O5: Delhi | P5: 359 | Q5: 180 | R5: 174
B6: Chennai | C6: 444.33333 | F6: General | G6: 28 | H6: 22 | I6: 50 | K6: Male | L6: 671 | M6: 170 | O6: Karnataka | P6: 336 | Q6: 172 | R6: 170
B7: Delhi | C7: 433.5625 | F7: OBC | G7: 24 | H7: 17 | I7: 41 | K7: 2024 | L7: 658 | M7: 182 | O7: Maharashtra | P7: 352 | Q7: 180 | R7: 180
B8: Hyderabad | C8: 433.3 | F8: SC | G8: 17 | H8: 28 | I8: 45 | K8: Female | L8: 657 | M8: 208 | O8: Tamil Nadu | P8: 356 | Q8: 167 | R8: 169
B9: Kolhapur | C9: 404.36364 | F9: ST | G9: 29 | H9: 37 | I9: 66 | K9: Male | L9: 658 | M9: 182 | O9: Telangana | P9: 338 | Q9: 167 | R9: 178
B10: Kolkata | C10: 409.44444 | F10: Grand Total | G10: 126 | H10: 127 | I10: 253 | K10: 2025 | L10: 664 | M10: 145 | O10: West Bengal | P10: 303 | Q10: 169 | R10: 174
B11: Mumbai | C11: 439.70588 | K11: Female | L11: 664 | M11: 174
B12: Nagpur | C12: 389.76471 | K12: Male | L12: 653 | M12: 145
B13: Nashik | C13: 431 | K13: 2026 | L13: 647 | M13: 159
B14: Pune | C14: 435.4375 | K14: Female | L14: 647 | M14: 175
B15: Ratnagiri | C15: 414.3 | K15: Male | L15: 647 | M15: 159
B16: Sangli | C16: 402.6 | K16: Grand Total | L16: 673 | M16: 145
B17: Solapur | C17: 384.2
B18: Thane | C18: 401.61111
B19: Grand Total | C19: 417.58091

Sheet Analysis
B2: Year | C2: 2023
B3: Attempt No. | C3: 2
B4: Gender | C4: Female
B6: City | C6: Physics_Marks_180 | D6: Chemistry_Marks_180 | E6: Biology_Marks_360
B7: Pune | C7: =AVERAGEIFS(NEET[Physics_Marks_180],NEET[City],Analysis!B7,NEET[Exam_Year],Analysis!$C$2,NEET[Attempt_No],Analysis!$C$3,NEET[Gender],Analysis!$C$4) -> 129.33333
B8: Thane | C8: =AVERAGEIFS(NEET[Physics_Marks_180],NEET[City],Analysis!B8,NEET[Exam_Year],Analysis!$C$2,NEET[Attempt_No],Analysis!$C$3,NEET[Gender],Analysis!$C$4) -> 120
B9: Delhi | C9: =AVERAGEIFS(NEET[Physics_Marks_180],NEET[City],Analysis!B9,NEET[Exam_Year],Analysis!$C$2,NEET[Attempt_No],Analysis!$C$3,NEET[Gender],Analysis!$C$4) -> 131.5
B10: Aurangabad | C10: =AVERAGEIFS(NEET[Physics_Marks_180],NEET[City],Analysis!B10,NEET[Exam_Year],Analysis!$C$2,NEET[Attempt_No],Analysis!$C$3,NEET[Gender],Analysis!$C$4) -> 81.4
B11: Ratnagiri | C11: =AVERAGEIFS(NEET[Physics_Marks_180],NEET[City],Analysis!B11,NEET[Exam_Year],Analysis!$C$2,NEET[Attempt_No],Analysis!$C$3,NEET[Gender],Analysis!$C$4) -> 110.5
B12: Chennai | C12: =AVERAGEIFS(NEET[Physics_Marks_180],NEET[City],Analysis!B12,NEET[Exam_Year],Analysis!$C$2,NEET[Attempt_No],Analysis!$C$3,NEET[Gender],Analysis!$C$4) -> 113.5
B13: Bengaluru | C13: =AVERAGEIFS(NEET[Physics_Marks_180],NEET[City],Analysis!B13,NEET[Exam_Year],Analysis!$C$2,NEET[Attempt_No],Analysis!$C$3,NEET[Gender],Analysis!$C$4) -> 118
B14: Nagpur | C14: =AVERAGEIFS(NEET[Physics_Marks_180],NEET[City],Analysis!B14,NEET[Exam_Year],Analysis!$C$2,NEET[Attempt_No],Analysis!$C$3,NEET[Gender],Analysis!$C$4) -> #DIV/0!
B15: Sangli | C15: =AVERAGEIFS(NEET[Physics_Marks_180],NEET[City],Analysis!B15,NEET[Exam_Year],Analysis!$C$2,NEET[Attempt_No],Analysis!$C$3,NEET[Gender],Analysis!$C$4) -> 116
B16: Kolhapur | C16: =AVERAGEIFS(NEET[Physics_Marks_180],NEET[City],Analysis!B16,NEET[Exam_Year],Analysis!$C$2,NEET[Attempt_No],Analysis!$C$3,NEET[Gender],Analysis!$C$4) -> #DIV/0!
B17: Kolkata | C17: =AVERAGEIFS(NEET[Physics_Marks_180],NEET[City],Analysis!B17,NEET[Exam_Year],Analysis!$C$2,NEET[Attempt_No],Analysis!$C$3,NEET[Gender],Analysis!$C$4) -> 127.33333
B18: Mumbai | C18: =AVERAGEIFS(NEET[Physics_Marks_180],NEET[City],Analysis!B18,NEET[Exam_Year],Analysis!$C$2,NEET[Attempt_No],Analysis!$C$3,NEET[Gender],Analysis!$C$4) -> 111.4
... B21: Solapur | C21: =AVERAGEIFS(NEET[Physics_Marks_180],NEET[City],Analysis!B21,NEET[Exam_Year],Analysis!$C$2,NEET[Attempt_No],Analysis!$C$3,NEET[Gender],Analysis!$C$4) -> 80

Sheet Dash-Board 
B2: Row Labels | C2: Count of Total_Marks_720 | F2: Row Labels | G2: Count of Total_Marks_720 | J2: Row Labels | K2: Count of Total_Marks_720 | N2: Row Labels | O2: Count of Total_Marks_720 | R2: Row Labels | S2: Count of Total_Marks_720 | U2: Row Labels | V2: Count of Total_Marks_720
B3: Female | C3: 521 | F3: Delhi | G3: 74 | J3: 1 | K3: 241 | N3: EWS | O3: 188 | R3: Aurangabad | S3: 64 | U3: 2000 | V3: 100 | AF3: Row Labels | AG3: Count of Total_Marks_720
B4: Male | C4: 479 | F4: Karnataka | G4: 72 | J4: 2 | K4: 244 | N4: General | O4: 225 | R4: Bengaluru | S4: 72 | U4: 2001 | V4: 133 | AF4: 17 | AG4: 9
B5: Grand Total | C5: 1000 | F5: Maharashtra | G5: 675 | J5: 3 | K5: 251 | N5: OBC | O5: 183 | R5: Chennai | S5: 61 | U5: 2002 | V5: 122 | AF5: 18 | AG5: 116
F6: Tamil Nadu | G6: 61 | J6: 4 | K6: 264 | N6: SC | O6: 189 | R6: Delhi | S6: 74 | U6: 2003 | V6: 104 | AF6: 19 | AG6: 106
F7: Telangana | G7: 65 | J7: Grand Total | K7: 1000 | N7: ST | O7: 215 | R7: Hyderabad | S7: 65 | U7: 2004 | V7: 111 | AF7: 20 | AG7: 121
F8: West Bengal | G8: 53 | N8: Grand Total | O8: 1000 | R8: Kolhapur | S8: 56 | U8: 2005 | V8: 89 | AF8: 21 | AG8: 88
F9: Grand Total | G9: 1000 | R9: Kolkata | S9: 53 | U9: 2006 | V9: 119 | AF9: 22 | AG9: 111
R10: Mumbai | S10: 74 | U10: 2007 | V10: 110 | AF10: 23 | AG10: 112
R11: Nagpur | S11: 65 | U11: 2008 | V11: 112 | AF11: 24 | AG11: 120
R12: Nashik | S12: 80 | U12: Grand Total | V12: 1000 | AF12: 25 | AG12: 127
R13: Pune | S13: 69 | AF13: 26 | AG13: 90
R14: Ratnagiri | S14: 68 | AF14: Grand Total | AG14: 1000
R15: Sangli | S15: 69
R16: Solapur | S16: 65
R17: Thane | S17: 65
R18: Grand Total | S18: 1000
B24: Row Labels | C24: Average of Total_Marks_720 | F24: Row Labels | G24: Average of Total_Marks_720 | J24: Row Labels | K24: Average of Total_Marks_720 | N24: Row Labels | O24: Average of Total_Marks_720 | R24: Row Labels | S24: Average of Total_Marks_720 | U24: Row Labels | V24: Average of Total_Marks_720
B25: Female | C25: 417.71209 | F25: Delhi | G25: 425.16216 | J25: EWS | K25: 413.31383 | N25: 1 | O25: 417.58091 | R25: 2023 | S25: 425.04743 | U25: 2000 | V25: 428.75
B26: Male | C26: 422.75365 | F26: Karnataka | G26: 424.38889 | J26: General | K26: 425.80444 | N26: 2 | O26: 426.43852 | R26: 2024 | S26: 423.5102 | U26: 2001 | V26: 416.78195
B27: Grand Total | C27: 420.127 | F27: Maharashtra | G27: 418.17778 | J27: OBC | K27: 421.17486 | N27: 3 | O27: 411.62151 | R27: 2025 | S27: 411.38843 | U27: 2002 | V27: 412.96721
F28: Tamil Nadu | G28: 422.5082 | J28: SC | K28: 431.80423 | N28: 4 | O28: 424.70455 | R28: 2026 | S28: 420.28462 | U28: 2003 | V28: 424.49038
F29: Telangana | G29: 430.49231 | J29: ST | K29: 408.98605 | N29: Grand Total | O29: 420.127 | R29: Grand Total | S29: 420.127 | U29: 2004 | V29: 418.72973
F30: West Bengal | G30: 416.67925 | J30: Grand Total | K30: 420.127 | U30: 2005 | V30: 420.65169
F31: Grand Total | G31: 420.127 | U31: 2006 | V31: 414.47899
U32: 2007 | V32: 415.3
U33: 2008 | V33: 431.85714
U34: Grand Total | V34: 420.127

Sheet Rough Work
A1: Gender | B1: City | C1: State | D1: Category | E1: Attempt_No | F1: Exam_Year | G1: Age of Student
A2: Male | B2: Pune | C2: Maharashtra | D2: EWS | E2: 1 | F2: 2023 | G2: 17
A3: Female | B3: Thane | C3: Delhi | D3: OBC | E3: 4 | F3: 2024 | G3: 18
B4: Delhi | C4: Tamil Nadu | D4: General | E4: 2 | F4: 2026 | G4: 19
B5: Aurangabad | C5: Karnataka | D5: SC | E5: 3 | F5: 2025 | G5: 20
B6: Ratnagiri | C6: West Bengal | D6: ST | G6: 21
B7: Chennai | C7: Telangana | G7: 22
B8: Bengaluru | G8: 23
B9: Nagpur | G9: 24
B10: Sangli | G10: 25
B11: Kolhapur | G11: 26
B12: Kolkata
B13: Mumbai
B14: Nashik
B15: Hyderabad
B16: Solapur
