Workbook

Sheet xlookup function csv
A1: Product_Id | B1: Product_Name | C1: Bought_Qty | D1: Sold_Qty | E1: Stock | F1: Date | G1: Price | H1: Discount | I1: Discount Amount | J1: Amount
A2: P001 | B2: Wireless Mouse | C2: 100 | D2: 45 | E2: 55 | F2: 46082 | G2: {=_xlfn.XLOOKUP(B2,Sheet1!A2:A11,Sheet1!B2:C11)} -> 1000 | H2: 0.1 | I2: =SUMPRODUCT(G2,H2) -> 100 | J2: =G2-I2 -> 900
A3: P002 | B3: Mechanical Keyboard | C3: 50 | D3: 12 | E3: 38 | F3: 46082 | G3: {=_xlfn.XLOOKUP(B3,Sheet1!A3:A12,Sheet1!B3:C12)} -> 1500 | H3: 0.15 | I3: =SUMPRODUCT(G3,H3) -> 225 | J3: =G3-I3 -> 1275
A4: P003 | B4: 27-inch Monitor | C4: 30 | D4: 5 | E4: 25 | F4: 46083 | G4: {=_xlfn.XLOOKUP(B4,Sheet1!A4:A13,Sheet1!B4:C13)} -> 7500 | H4: 0.1 | I4: =SUMPRODUCT(G4,H4) -> 750 | J4: =G4-I4 -> 6750
A5: P004 | B5: USB-C Hub | C5: 80 | D5: 30 | E5: 50 | F5: 46083 | G5: {=_xlfn.XLOOKUP(B5,Sheet1!A5:A14,Sheet1!B5:C14)} -> 500 | H5: 0.05 | I5: =SUMPRODUCT(G5,H5) -> 25 | J5: =G5-I5 -> 475
A6: P005 | B6: Noise Cancelling Headphones | C6: 40 | D6: 15 | E6: 25 | F6: 46084 | G6: {=_xlfn.XLOOKUP(B6,Sheet1!A6:A15,Sheet1!B6:C15)} -> 4000 | H6: 0.05 | I6: =SUMPRODUCT(G6,H6) -> 200 | J6: =G6-I6 -> 3800
A7: P006 | B7: Webcam 1080p | C7: 60 | D7: 22 | E7: 38 | F7: 46084 | G7: {=_xlfn.XLOOKUP(B7,Sheet1!A7:A16,Sheet1!B7:C16)} -> 3500 | H7: 0.15 | I7: =SUMPRODUCT(G7,H7) -> 525 | J7: =G7-I7 -> 2975
A8: P007 | B8: Laptop Stand | C8: 45 | D8: 10 | E8: 35 | F8: 46085 | G8: {=_xlfn.XLOOKUP(B8,Sheet1!A8:A17,Sheet1!B8:C17)} -> 2500 | H8: 0.2 | I8: =SUMPRODUCT(G8,H8) -> 500 | J8: =G8-I8 -> 2000
A9: P008 | B9: LED Desk Lamp | C9: 35 | D9: 8 | E9: 27 | F9: 46085 | G9: {=_xlfn.XLOOKUP(B9,Sheet1!A9:A18,Sheet1!B9:C18)} -> 1500 | H9: 0.1 | I9: =SUMPRODUCT(G9,H9) -> 150 | J9: =G9-I9 -> 1350
A10: P009 | B10: External SSD 1TB | C10: 25 | D10: 14 | E10: 11 | F10: 46086 | G10: {=_xlfn.XLOOKUP(B10,Sheet1!A10:A19,Sheet1!B10:C19)} -> 11500 | H10: 0.1 | I10: =SUMPRODUCT(G10,H10) -> 1150 | J10: =G10-I10 -> 10350
A11: P010 | B11: Gaming Chair | C11: 15 | D11: 3 | E11: 12 | F11: 46086 | G11: {=_xlfn.XLOOKUP(B11,Sheet1!A11:A20,Sheet1!B11:C20)} -> 9500 | H11: 0.05 | I11: =SUMPRODUCT(G11,H11) -> 475 | J11: =G11-I11 -> 9025
A16: Product_Id | B16: Product_Name | C16: Bought_Qty | D16: Sold_Qty | E16: Stock | F16: Date | H16: Sr. No. | I16: Product Name | J16: Bought Qty
A17: P003 | B17: {=_xlfn.XLOOKUP(A17,A2:A11,B2:F11)} -> 27-inch Monitor | C17: 30 | D17: 5 | E17: 25 | F17: 46083 | H17: 1 | I17: Noise Cancelling Headphones | J17: =_xlfn.XLOOKUP(I17,B:B,C:C," Not Found") -> 40
A18: P001 | B18: {=_xlfn.XLOOKUP(A18,A2:A11,B2:F11,"NOT FOUND")} -> Wireless Mouse | C18: 100 | D18: 45 | E18: 55 | F18: 46082 | H18: 2 | I18: 27-inch Monitor | J18: =_xlfn.XLOOKUP(I18,B:B,C:C," Not Found") -> 30
A19: P009 | B19: {=_xlfn.XLOOKUP(A19,A4:A13,B4:F13)} -> External SSD 1TB | C19: 25 | D19: 14 | E19: 11 | F19: 46086 | H19: 3 | I19: USB-C Hub | J19: =_xlfn.XLOOKUP(I19,B:B,C:C," Not Found") -> 80
A20: P007 | B20: {=_xlfn.XLOOKUP(A20,A5:A14,B5:F14)} -> Laptop Stand | C20: 45 | D20: 10 | E20: 35 | F20: 46085 | H20: 4 | I20: Noise Cancelling Headphones | J20: =_xlfn.XLOOKUP(I20,B:B,C:C," Not Found") -> 40
H21: 5 | I21: LED Desk Lamp | J21: =_xlfn.XLOOKUP(I21,B:B,C:C," Not Found") -> 35
H22: 6 | I22: Webcam 1080p | J22: =_xlfn.XLOOKUP(I22,B:B,C:C," Not Found") -> 60
H23: 7 | I23: Mechanical Keyboard | J23: =_xlfn.XLOOKUP(I23,B:B,C:C," Not Found") -> 50
H24: 8 | I24: Wireless Mouse | J24: =_xlfn.XLOOKUP(I24,B:B,C:C," Not Found") -> 100
H25: 9 | I25: Mechanical Keyboard | J25: =_xlfn.XLOOKUP(I25,B:B,C:C," Not Found") -> 50
H26: 10 | I26: USB-C Hub | J26: =_xlfn.XLOOKUP(I26,B:B,C:C," Not Found") -> 80

Sheet Sheet1
A1: Product Name | B1: Price | C1: Discount
A2: Wireless Mouse | B2: 1000 | C2: 0.1
A3: Mechanical Keyboard | B3: 1500 | C3: 0.15
A4: 27-inch Monitor | B4: 7500 | C4: 0.1
A5: USB-C Hub | B5: 500 | C5: 0.05
A6: Noise Cancelling Headphones | B6: 4000 | C6: 0.05
A7: Webcam 1080p | B7: 3500 | C7: 0.15
A8: Laptop Stand | B8: 2500 | C8: 0.2
A9: LED Desk Lamp | B9: 1500 | C9: 0.1
A10: External SSD 1TB | B10: 11500 | C10: 0.1
A11: Gaming Chair | B11: 9500 | C11: 0.05
